id,question_type,question,reference_context,ground_truth_answer,source_doc_id,keypoints_covered,expected_behavior,difficulty,notes
Q001,single_hop_factual,Who approved the TCS Global Whistle Blower Policy?,"TCS Global PoIicy — Whistle Blower, VERSION 10.0, Release Date: 09 April 2026, Approved by: Board of Directors of TCS.",The Board of Directors of TCS.,WB_p1,approver=Board of Directors,answer_correctly,easy,Simple metadata lookup from document header.
Q002,single_hop_factual,What is the version number and release date of the TCS Whistle Blower Policy?,"TCS Global PoIicy — Whistle Blower, VERSION 10.0, Release Date: 09 April 2026.","Version 10.0, released on 09 April 2026.",WB_p1,version=10.0;date=09 April 2026,answer_correctly_exact_match,easy,Tests exact numeric/date extraction.
Q003,single_hop_factual,To whom is a Whistle Blower encouraged to report a Violation?,A Whistle Blower is encouraged to report any Violation to TCS Chief Ethics Counsellor at whistle.blower@tcs.com.,"To the TCS Chief Ethics Counsellor, at whistle.blower@tcs.com.",WB_p3,contact=Chief Ethics Counsellor;email=whistle.blower@tcs.com,answer_correctly,easy,Tests retrieval of a specific contact/email fact.
Q004,single_hop_factual,Within how many days must a whistle blower investigation normally be completed?,The investigation shall be completed normally within 45 days of the receipt of the Protected Disclosure.,Normally within 45 days of receiving the Protected Disclosure.,WB_p4,duration=45 days,answer_correctly_exact_match,easy,Numeric fact test - easy to hallucinate a wrong number if retrieval fails.
Q005,single_hop_factual,In which languages can a Protected Disclosure be made under the TCS Whistle Blower Policy?,"The Protected Disclosure may be in English, Hindi or the official language of the place of employment/business of the Whistle Blower.","English, Hindi, or the official language of the whistle blower's place of employment/business.",WB_p3,languages=English;Hindi;local official language,answer_correctly,easy,Tests list-style fact extraction.
Q006,procedural_howto,What are the different ways a whistle blower can submit a Protected Disclosure at TCS?,"Report to TCS Chief Ethics Counsellor at whistle.blower@tcs.com; or address to Chairperson of the Audit Committee at chairman.auditcommittee@tcs.com; or send hard copies to The Chief Ethics Counsellor (CEC), Tata Consultancy Services, Post Box 1063, Mumbai 400001.","A whistle blower can email the Chief Ethics Counsellor, email the Chairperson of the Audit Committee (in exceptional cases), or send a hard copy to CEC, Post Box 1063, Mumbai 400001.",WB_p3,channel1=CEC email;channel2=Audit Committee Chairperson email;channel3=hard copy postal address,answer_correctly_in_order,medium,Procedural multi-item question; tests whether all reporting channels are retrieved.
Q007,multi_hop_reasoning,"What protections are given to a whistle blower, and who can they escalate to if those protections are violated?",Section 'Protection to Whistle Blower' lists protection against retaliation/discrimination; clause (c) states any violation of these clauses may be reported to the Chairperson of the Audit Committee.,"Whistle blowers are protected against discrimination, harassment, victimization, retaliation, threats, or unfair actions like termination or demotion; if these protections are violated, it can be reported to the Chairperson of the Audit Committee.",WB_p5,protections_listed;escalation_contact=Chairperson Audit Committee,answer_correctly_using_both_chunks,hard,"Requires combining the protection clause with the escalation clause, testing multi-hop retrieval."
Q008,multi_hop_reasoning,"What happens after an investigation if a Violation is confirmed, and what happens if the original allegation itself was false?","Outcome of Investigation: disciplinary action may include wage freeze, suspension, recovery, claw back, or termination. Disqualifications: protection does not apply to false or bogus allegations made in bad faith; abuse of protection will warrant appropriate action.","If a Violation is confirmed, disciplinary action can include wage freeze, suspension, recovery, claw back, or termination of employment/contract. If the allegation was knowingly false or made in bad faith, the whistle blower is not protected and appropriate action may be taken against them.",WB_p6,outcome_confirmed;outcome_false_allegation,answer_correctly_using_both_chunks,hard,Tests synthesis of two contrasting outcome clauses (confirmed vs false allegation).
Q009,abstract_summarization,Summarize the rights and obligations of the Subject during a whistle blower investigation.,"Rights and Obligations of the Subject section: informed of allegations, must cooperate, must not interfere/tamper/intimidate witnesses, has right to consult a person of choice (excluding investigation team/whistle blower), and right to respond to material findings.","The Subject must be informed of allegations at the outset, must cooperate with the investigation without compromising legal protections, must not interfere with or tamper with the investigation, has the right to consult a person of their choice (other than the investigation team or whistle blower), and must be given a chance to respond to material findings unless there are compelling reasons not to.",WB_p4,informed;cooperate;no_interference;right_to_consult;right_to_respond,answer_correctly_covering_keypoints,medium,Tests whether generator covers all 5 listed sub-points without omission or fabrication.
Q010,unanswerable,What is the whistle blower policy's stance on reporting violations that occurred before the company's founding?,NONE - the policy document contains no provision about violations predating the company's founding.,The provided policy document does not address this; I don't have information on this specific scenario.,N/A,refusal_expected,refuse_or_abstain,medium,"Negative test: no such clause exists, checks system doesn't hallucinate a fabricated rule."
Q011,unanswerable,What is the specific monetary penalty amount for retaliating against a whistle blower?,NONE - the policy states 'appropriate action' will be taken for violations of protection but does not specify a monetary amount.,The policy does not specify an exact monetary penalty; it only states that appropriate action will be taken.,N/A,refusal_expected,refuse_or_abstain,medium,Tests whether system avoids inventing a specific number not present in source.
Q012,single_hop_factual,What is TCS' CSR vision as stated in the Corporate Social Responsibility policy?,Vision: Empower communities by connecting people to opportunities in the digital economy.,To empower communities by connecting people to opportunities in the digital economy.,CSR_p4,vision_statement,answer_correctly,easy,Direct extraction of a short vision statement.
Q013,single_hop_factual,What is TCS' CSR mission statement?,"Mission: Build equitable, sustainable, and inclusive pathways to opportunities for all - especially youth, women, and marginalized groups.","To build equitable, sustainable, and inclusive pathways to opportunities for all, especially youth, women, and marginalized groups.",CSR_p4,mission_statement,answer_correctly,easy,Paired with Q012 to test vision vs mission confusion.
Q014,specific_numeric,What is the version number of the TCS Global CSR Policy document?,"TCS Global Policy - Corporate Social Responsibility, Version 2.0.",Version 2.0.,CSR_p1,version=2.0,answer_correctly_exact_match,easy,"Simple version-number extraction, easily confused with Whistle Blower Policy's version 10.0 - good distractor test."
Q015,multi_hop_reasoning,"What are TCS' three strategic CSR focus areas, and what key stakeholder groups do they primarily target?","3.1 Strategic CSR focus areas: Education & Skilling, Basic Health and Wellness, Water Sanitation & Hygiene (WASH). 3.2 Key Stakeholders: Youth, Women, Marginalized Groups.","The three strategic focus areas are Education & Skilling, Basic Health and Wellness, and Water, Sanitation & Hygiene (WASH); these primarily target youth, women, and marginalized groups.",CSR_p5;CSR_p6,focus_areas;stakeholder_groups,answer_correctly_using_both_chunks,hard,Requires combining two adjacent but distinct subsections (3.1 and 3.2).
Q016,long_context_synthesis,List all the modes through which TCS can implement its CSR programs.,"Section 6 Implementation lists: (i) NGOs, Trusts, government bodies, educational institutions, other corporates/industry associations; (ii) organizations/multi-lateral entities with 3+ years track record; (iii) joint ventures/associate companies; (iv) collaboration with other companies; (v) self-executed via TCS personnel; (vi) TCS Foundation; (vii) combination of above.",TCS can implement CSR programs through: NGOs/Trusts/government bodies/educational institutions/corporates; organizations with 3+ years track record; joint ventures/associate companies; collaboration with other companies; self-execution by TCS personnel; the TCS Foundation; or a combination of these modes.,CSR_p8,mode1;mode2;mode3;mode4;mode5;mode6;mode7,answer_correctly_complete_list,hard,Tests recall completeness - a weak retriever might return only 2-3 of the 7 listed modes.
Q017,procedural_howto,"According to the CSR policy, what does the CSR Committee's governance role include?","5 Governance: The CSR Committee shall formulate and recommend the CSR Policy and annual action plan, indicate activities, recommend expenditure, monitor implementation, and monitor/report progress on the annual action plan.","The CSR Committee formulates and recommends the CSR Policy and annual action plan to the Board, indicates the activities to be undertaken, recommends the expenditure amount, monitors implementation of the CSR Policy, and monitors/reports on the annual action plan's progress.",CSR_p7,formulate_policy;recommend_plan;indicate_activities;recommend_expenditure;monitor_implementation;monitor_report,answer_correctly_covering_keypoints,medium,Tests whether all 5 governance duties are covered without merging or dropping items.
Q018,abstract_summarization,"In India specifically, what regulatory requirements govern TCS' CSR reporting?","In India, an Annual CSR report and CSR Plan will be included in the Director's Report within the Annual Financial Report, placed before the Board by the CSR Committee for approval. The CSR Report for India will adhere to section 135 of the Companies Act, 2013.","In India, TCS must include an Annual CSR report and CSR Plan in the Director's Report within the Annual Financial Report, approved by the Board via the CSR Committee, adhering to Section 135 of the Companies Act, 2013.",CSR_p9,annual_report_requirement;section_135_companies_act,answer_correctly,medium,"Tests retrieval of a jurisdiction-specific (India) regulatory detail, a common RAG failure point when documents mix global and local scope."
Q019,comparative_cross_document,Compare the version numbers and governing approval bodies of the TCS Whistle Blower Policy and the TCS CSR Policy.,"Whistle Blower Policy: VERSION 10.0, Approved by Board of Directors of TCS. CSR Policy: Version 2.0, reviewed/recommended by the Board via the CSR Committee.","The Whistle Blower Policy is Version 10.0 and is approved directly by the Board of Directors, while the CSR Policy is Version 2.0 and is formulated/recommended to the Board by the CSR Committee.",WB_p1;CSR_p1;CSR_p7,wb_version=10.0;csr_version=2.0;approval_paths,answer_correctly_using_both_documents,hard,Cross-document question requiring retrieval from both PDFs simultaneously - tests multi-document RAG capability.
Q020,unanswerable,What was TCS' total CSR budget or spending amount for the most recent fiscal year?,"NONE - the CSR policy document describes governance/process, but contains no specific budget figures or fiscal year spending amounts.",The provided policy document does not include specific budget or spending figures; this information is not available in the given context.,N/A,refusal_expected,refuse_or_abstain,medium,"Tests refusal on a plausible-sounding but unanswerable question - the doc describes governance, not actual financial figures."
Q021,ambiguous_query,What does 'Code' refer to in these TCS policy documents?,"Whistle Blower Policy: '...the Company has adopted the Tata Code of Conduct (""Code"")...'. CSR Policy 8.1: 'The Tata Code of Conduct is a set of principles that guide and govern the conduct of Tata companies...'.","'Code' refers to the Tata Code of Conduct, a set of principles governing the conduct of Tata companies and employees, referenced in both the Whistle Blower Policy and the CSR Policy.",WB_p2;CSR_p9,term=Tata Code of Conduct,answer_correctly_disambiguate,medium,Term appears in both documents; tests consistent disambiguation rather than conflicting answers.
Q022,paraphrased_query,"If I want to blow the whistle anonymously at TCS, is that allowed?","While identifying oneself is recommended, Whistle Blower complaints may also be made anonymously.","Yes, anonymous complaints are allowed, although identifying oneself is recommended to facilitate investigation and protection.",WB_p3,anonymous_allowed=yes,answer_correctly,easy,Paraphrased/colloquial version testing robustness beyond exact keyword 'Protected Disclosure' phrasing.
